Model ID,Type,Base Model,Task,Library,Download,Model Category,Real Type,Real base model,Real domain,is transformer-based,is_base_model,is_dependent_model,is_base_and_dependent_model,is_isloated,is_dependency_miss,is_dependency_wrong
PleIAs/Pleias-RAG-1B,,,text-generation,transformers,4951,NLP,/,,NLP,1,1,0,0,0,0,0
Helsinki-NLP/opus-mt-tc-big-en-ar,,,translation,transformers,8636,NLP,/,,NLP,1,1,0,0,0,0,0
microsoft/swin-base-patch4-window7-224,,,image-classification,transformers,52412,CV,/,,CV,1,1,0,0,0,0,0
facebook/wav2vec2-base-100k-voxpopuli,,,automatic-speech-recognition,transformers,8414,Audio,/,,Audio,1,1,0,0,0,0,0
Searchium-ai/clip4clip-webvid150k,,,text-to-video,transformers,9258,CV,finetune,openai/clip-vit-base-patch32,CV,1,0,1,0,0,1,0
megastudyedu/M-SOLAR-10.7B-v1.1-beta,finetune,upstage/SOLAR-10.7B-Instruct-v1.0,text-generation,transformers,4858,NLP,finetune,upstage/SOLAR-10.7B-Instruct-v1.0,NLP,1,1,1,1,0,0,0
nvidia/C-RADIOv2-VLM-H-RC3,,,,,280425,Unknown,/,/,CV,1,0,0,0,1,0,0
TheBloke/CapybaraHermes-2.5-Mistral-7B-GGUF,quantized,argilla/CapybaraHermes-2.5-Mistral-7B,,trl,7055,Unknown,quantized,argilla/CapybaraHermes-2.5-Mistral-7B,NLP,1,0,1,0,0,0,0
wangqixun/YamerMIX_v8,,,,diffusers,4831,Unknown,/,/,CV,0,0,0,0,1,0,0
Qwen/Qwen3-30B-A3B-FP8,quantized,Qwen/Qwen3-30B-A3B,text-generation,transformers,409973,NLP,quantized,Qwen/Qwen3-30B-A3B,NLP,1,0,1,0,0,0,0
timm/res2net101_26w_4s.in1k,,,image-classification,timm,22838,CV,/,/,CV,0,0,0,0,1,0,0
barissglc/tinyllama-tarot-v1,adapter,TinyLlama/TinyLlama-1.1B-Chat-v1.0,text-generation,peft,13774,NLP,adapter,TinyLlama/TinyLlama-1.1B-Chat-v1.0,NLP,1,0,1,0,0,0,0
Lewdiculous/Llama-3-Lumimaid-8B-v0.1-OAS-GGUF-IQ-Imatrix,,,,,6852,Unknown,quantized,NeverSleep/Llama-3-Lumimaid-8B-v0.1-OAS,NLP,1,0,1,0,0,1,0
TinyLlama/TinyLlama-1.1B-Chat-v0.4,,,text-generation,transformers,6013,NLP,finetune,TinyLlama-1.1B-intermediate-step-715k-1.5T,NLP,1,1,1,1,0,1,0
grimjim/Llama-3-Instruct-8B-SimPO-SPPO-Iter3-merge,merge,"UCLA-AGI/Llama-3-Instruct-8B-SPPO-Iter3, princeton-nlp/Llama-3-Instruct-8B-SimPO",text-generation,transformers,11522,NLP,merge,"UCLA-AGI/Llama-3-Instruct-8B-SPPO-Iter3, princeton-nlp/Llama-3-Instruct-8B-SimPO",NLP,1,1,1,1,0,0,0
Mungert/QwenLong-L1-32B-GGUF,quantized,deepseek-ai/DeepSeek-R1-Distill-Qwen-32B,text-generation,transformers,5282,NLP,quantized,deepseek-ai/DeepSeek-R1-Distill-Qwen-32B,NLP,1,0,1,0,0,0,0
lmstudio-community/QwQ-32B-MLX-4bit,,,text-generation,,138797,NLP,quantized,lmstudio-community/QwQ-32B,NLP,1,0,1,0,0,1,0
city96/HunyuanVideo-I2V-gguf,quantized,tencent/HunyuanVideo-I2V,image-to-video,gguf,2685,CV,quantized,tencent/HunyuanVideo-I2V,CV,0,0,1,0,0,0,0
mo-thecreator/vit-Facial-Expression-Recognition,,,image-classification,transformers,4107,CV,finetune,google/vit-base-patch16-224-in21k,CV,1,1,1,1,0,1,0
kyujinpy/KO-Platypus2-13B,,,text-generation,transformers,3331,NLP,finetune,hyunseoki/ko-en-llama2-13b,NLP,1,0,1,0,0,1,0
Kukedlc/NeuralLLaMa-3-8b-DT-v0.1,merge,"nbeerbower/llama-3-stella-8B, mlabonne/ChimeraLlama-3-8B-v2, uygarkurt/llama-3-merged-linear",text-generation,transformers,12235,NLP,merge,"nbeerbower/llama-3-stella-8B, mlabonne/ChimeraLlama-3-8B-v2, uygarkurt/llama-3-merged-linear",NLP,1,1,1,1,0,0,0
ISTA-DASLab/gemma-3-27b-it-GPTQ-4b-128g,quantized,google/gemma-3-27b-it,image-text-to-text,transformers,33131,Multimodal,quantized,google/gemma-3-27b-it,Multimodal,1,0,1,0,0,0,0
meta-llama/Meta-Llama-3-70B-Instruct,finetune,meta-llama/Meta-Llama-3-70B,text-generation,transformers,87922,NLP,finetune,meta-llama/Meta-Llama-3-70B,NLP,1,1,1,1,0,0,0
tiiuae/Falcon3-1B-Instruct,finetune,tiiuae/Falcon3-1B-Base,text-generation,transformers,31838,NLP,finetune,tiiuae/Falcon3-1B-Base,NLP,1,1,1,1,0,0,0
frosting-ai/compassmix-xl-lightning,,,text-to-image,diffusers,7825,CV,/,/,CV,0,0,0,0,1,0,0
OpenAssistant/pythia-12b-sft-v8-7k-steps,,,text-generation,transformers,2691,NLP,finetune,OpenAssistant/pythia-12b-pre-v8-12.5k-steps,NLP,1,0,1,0,0,1,0
Khoa/kompa-spam-filter-fnb-update-0625,,,,,42150,Unknown,/,/,NLP,1,0,0,0,1,0,0
kyujinpy/KO-Platypus2-7B-ex,,,text-generation,transformers,3319,NLP,finetune,beomi/llama-2-ko-7b,NLP,1,0,1,0,0,1,0
GanjinZero/biobart-v2-base,,,text-generation,transformers,4555,NLP,/,/,NLP,1,1,0,0,0,0,0
automerger/YamshadowExperiment28-7B,merge,"automerger/YamShadow-7B, yam-peleg/Experiment28-7B",text-generation,transformers,8302,NLP,merge,"automerger/YamShadow-7B, yam-peleg/Experiment28-7B",NLP,1,1,1,1,0,0,0
cross-encoder/ms-marco-MiniLM-L2-v2,quantized,cross-encoder/ms-marco-MiniLM-L12-v2,text-ranking,sentence-transformers,638452,Unknown,quantized,cross-encoder/ms-marco-MiniLM-L12-v2,NLP,1,1,1,1,0,0,0
microsoft/deberta-base-mnli,,,text-classification,transformers,23973,NLP,finetune,DeBERTa mode,NLP,1,1,1,1,0,1,0
alibaba-pai/CogVideoX-Fun-V1.1-5b-InP,,,,diffusers,8818,Unknown,/,/,Multimodal,1,1,0,0,0,0,0
Efficient-Large-Model/NVILA-Lite-8B,,,text-generation,transformers,7820,NLP,/,/,NLP,1,0,0,0,1,0,0
eclipsemint/kollama2-7b-v0,,,text-generation,transformers,3311,NLP,/,/,NLP,1,0,0,0,1,0,0
dnikolic/wav2vec2-xlsr-530-serbian-colab,,,automatic-speech-recognition,transformers,15596,Audio,finetune,facebook/wav2vec2-xls-r-300m,Audio,1,0,1,0,0,1,0
vikp/surya_rec,,,,transformers,6162,Unknown,/,/,CV,1,0,0,0,1,0,0
microsoft/codebert-base,,,feature-extraction,transformers,906939,NLP,/,/,NLP,1,1,0,0,0,0,0
nguyen599/ViDistilBERT-ESG-base,finetune,distilbert/distilbert-base-multilingual-cased,text-classification,transformers,11297,NLP,finetune,distilbert/distilbert-base-multilingual-cased,NLP,1,0,1,0,0,0,0
lllyasviel/control_v11p_sd15s2_lineart_anime,adapter,runwayml/stable-diffusion-v1-5,image-to-image,diffusers,6277,CV,adapter,runwayml/stable-diffusion-v1-5,CV,1,0,1,0,0,0,0
cragtmp/pair05-200,adapter,meta-llama/Llama-3.2-11B-Vision-Instruct,,peft,6227,Unknown,adapter,meta-llama/Llama-3.2-11B-Vision-Instruct,Multimodal,1,0,1,0,0,0,0
ibm-granite/granite-timeseries-ttm-r2,,,time-series-forecasting,granite-tsfm,4548376,Tabular,/,/,Tabular,0,0,0,0,1,0,0
Edentns/DataVortexS-10.7B-v0.3,finetune,hyeogi/SOLAR-10.7B-dpo-v0.1,text-generation,transformers,3309,NLP,finetune,hyeogi/SOLAR-10.7B-dpo-v0.1,NLP,1,1,1,1,0,0,0
facebook/xmod-base,,,fill-mask,transformers,64269,NLP,/,/,NLP,1,1,0,0,0,0,0
NousResearch/Hermes-3-Llama-3.1-405B-FP8,finetune,meta-llama/Llama-3.1-405B,,,2959,Unknown,finetune,meta-llama/Llama-3.1-405B,NLP,1,0,1,0,0,0,0
sentence-transformers/all-MiniLM-L12-v2,,,sentence-similarity,sentence-transformers,4396235,NLP,finetune,microsoft/MiniLM-L12-H384-uncased,NLP,1,1,1,1,0,1,0
microsoft/Orca-2-13b,,,text-generation,transformers,8177,NLP,finetune,LLAMA-2-13b,NLP,1,1,1,1,0,1,0
RedHatAI/Meta-Llama-3.1-8B-Instruct-quantized.w8a8,quantized,meta-llama/Llama-3.1-8B-Instruct,text-generation,transformers,14586,NLP,quantized,meta-llama/Llama-3.1-8B-Instruct,NLP,1,0,1,0,0,0,0
state-spaces/mamba-130m-hf,,,text-generation,transformers,51017,NLP,/,/,NLP,1,1,0,0,0,0,0
ustc-community/dfine-large-coco,,,object-detection,transformers,31821,CV,/,/,CV,1,1,0,0,0,0,0
bigscience/bloom-3b,,,text-generation,transformers,12577,NLP,/,/,NLP,1,1,0,0,0,0,0
OpenBuddy/openbuddy-llama3-8b-v21.1-8k,,,text-generation,transformers,3315,NLP,/,/,NLP,1,1,0,0,0,0,0
unsloth/Mistral-Small-24B-Base-2501-unsloth-bnb-4bit,quantized,mistralai/Mistral-Small-24B-Base-2501,text-generation,transformers,7665,NLP,quantized,mistralai/Mistral-Small-24B-Base-2501,NLP,1,1,1,1,0,0,0
Herry443/LLaMA2-ko-7B-KNUT-v0.1,,,text-generation,transformers,3339,NLP,/,/,NLP,1,0,0,0,1,0,0
mit-han-lab/svdq-int4-flux.1-dev,quantized,black-forest-labs/FLUX.1-dev,text-to-image,diffusers,18613,CV,quantized,black-forest-labs/FLUX.1-dev,CV,0,0,1,0,0,0,0
nvidia/segformer-b2-finetuned-cityscapes-1024-1024,,,image-segmentation,transformers,3407,CV,finetune,ï¼Ÿ,CV,1,1,1,1,0,1,0
timm/tf_efficientnet_b5.ns_jft_in1k,,,image-classification,timm,18517,CV,/,/,CV,1,0,0,0,1,0,0
UMUTeam/roberta-spanish-sentiment-analysis,finetune,PlanTL-GOB-ES/roberta-base-bne,text-classification,transformers,2791,NLP,finetune,PlanTL-GOB-ES/roberta-base-bne,NLP,1,0,1,0,0,0,0
jinaai/jina-embeddings-v2-base-es,,,feature-extraction,sentence-transformers,26409,NLP,/,/,NLP,1,1,0,0,0,0,0
gvs/wav2vec2-large-xlsr-malayalam,,,automatic-speech-recognition,transformers,25616,Audio,finetune,facebook/wav2vec2-large-xlsr-53,Audio,1,1,1,1,0,1,0
xlnet/xlnet-base-cased,,,text-generation,transformers,102135,NLP,/,/,NLP,1,1,0,0,0,0,0
facebook/PE-Lang-G14-448,,,image-feature-extraction,perception-encoder,3389,CV,/,/,CV,?,0,0,0,1,0,0
TheDrummer/Gemmasutra-Small-4B-v1-GGUF,,,,,5218,Unknown,quantized,TheDrummer/Gemmasutra-Small-4B-v1,NLP,1,0,1,0,0,1,0
amazon/chronos-bolt-base,,,time-series-forecasting,,2208483,Tabular,/,/,Tabular,1,1,0,0,0,0,0
OpenGVLab/InternVL3-2B,finetune,OpenGVLab/InternVL3-2B-Instruct,image-text-to-text,transformers,83395,Multimodal,finetune,image-text-to-text,Multimodal,1,1,1,1,0,0,0
v000000/Qwen2.5-Lumen-14B,finetune,Qwen/Qwen2.5-14B-Instruct,text-generation,transformers,3327,NLP,merge,...,NLP,1,1,1,1,0,0,1
meta-llama/Llama-Guard-3-1B,,,text-generation,transformers,22772,NLP,finetune,Llama-3.2-1B,NLP,1,1,1,1,0,1,0
ivilson/GLM-Z1-32B-0414-FP8-dynamic,quantized,THUDM/GLM-Z1-32B-0414,text-generation,,2755,NLP,quantized,THUDM/GLM-Z1-32B-0414,NLP,1,0,1,0,0,0,0
segment-any-text/sat-12l,,,token-classification,transformers,4987,NLP,/,/,NLP,1,0,0,0,1,0,0
sashaboguraev/filler_gap_obj_pythia-70m_pos_3_layer_0,,,,,20683,Unknown,/,/,NLP,1,0,0,0,1,0,0
Helsinki-NLP/opus-mt-en-cs,,,translation,transformers,6685,NLP,/,/,NLP,1,1,0,0,0,0,0
xinsir/controlnet-union-sdxl-1.0,,,text-to-image,diffusers,188499,CV,/,/,CV,0,1,0,0,0,0,0
indolem/indobert-base-uncased,,,fill-mask,transformers,13774,NLP,/,/,NLP,1,1,0,0,0,0,0
migtissera/Tess-2.0-Llama-3-8B,,,text-generation,transformers,20425,NLP,finetune,meta-llama/Meta-Llama-3-8B,NLP,1,1,1,1,0,1,0
magic-leap-community/superpoint,,,keypoint-detection,transformers,19856,CV,/,/,CV,1,1,0,0,0,0,0
princeton-nlp/Llama-3-Instruct-8B-RRHF,,,text-generation,transformers,3329,NLP,RL,Llama-3-Instruct-8B,NLP,1,1,1,1,0,1,0
openai-community/gpt2-xl,,,text-generation,transformers,137189,NLP,/,/,NLP,1,1,0,0,0,0,0
hunflair/biosyn-sapbert-bc2gn,,,,flair,4438,Unknown,finetune,dmis-lab/biosyn-sapbert-bc2gn,NLP,1,0,1,0,0,1,0
lemon-mint/gemma-ko-7b-instruct-v0.71,finetune,google/gemma-1.1-7b-it,text-generation,transformers,3300,NLP,finetune,google/gemma-1.1-7b-it,NLP,1,1,1,1,0,0,0
Gensyn/Qwen2.5-32B-Instruct-bnb-4bit,quantized,Qwen/Qwen2.5-32B-Instruct,text-generation,transformers,40713,NLP,quantized,Qwen/Qwen2.5-32B-Instruct,NLP,1,1,1,1,0,0,0
ckpt/ModelScope,,,,open_clip,3101,Unknown,/,/,multimodal,0,0,0,0,1,0,0
DeepPavlov/bert-base-bg-cs-pl-ru-cased,,,feature-extraction,transformers,141955,NLP,/,/,NLP,1,1,0,0,0,0,0
lucio/xls-r-uzbek-cv8,finetune,facebook/wav2vec2-xls-r-300m,automatic-speech-recognition,transformers,6589,Audio,finetune,facebook/wav2vec2-xls-r-300m,Audio,1,0,1,0,0,0,0
DavidAU/Mistral-MOE-4X7B-Dark-MultiVerse-Uncensored-Enhanced32-24B-gguf,merge,"mistralai/Mistral-7B-Instruct-v0.3, DavidAU/Mistral-MOE-4X7B-Dark-MultiVerse-Uncensored-Enhanced32-24B",text-generation,,7400,NLP,merge,"mistralai/Mistral-7B-Instruct-v0.3, DavidAU/Mistral-MOE-4X7B-Dark-MultiVerse-Uncensored-Enhanced32-24B",NLP,1,0,1,0,0,0,0
cragtmp/task1add3-350public,adapter,meta-llama/Llama-3.2-11B-Vision-Instruct,,peft,5577,Unknown,adapter,meta-llama/Llama-3.2-11B-Vision-Instruct,multimodal,1,0,1,0,0,0,0
freds0/distil-whisper-large-v3-ptbr,finetune,distil-whisper/distil-large-v3,automatic-speech-recognition,,17434,Audio,finetune,distil-whisper/distil-large-v3,Audio,1,1,1,1,0,0,0
textattack/bert-base-uncased-imdb,,,text-classification,transformers,15916,NLP,finetune,bert-base-uncased,NLP,1,1,1,1,0,1,0
mrm8488/bert-base-spanish-wwm-cased-finetuned-spa-squad2-es,,,question-answering,transformers,18887,NLP,finetune,dccuchile/bert-base-spanish-wwm-cased,NLP,1,1,1,1,0,1,0
llm-jp/llm-jp-13b-instruct-full-jaster-v1.0,,,text-generation,transformers,3132,NLP,finetune,llm-jp-13b-v1.0,NLP,1,0,1,0,0,1,0
internlm/internlm2_5-20b-chat-4bit-awq,,,,,3512,Unknown,quantized,internlm/internlm2_5-20b-chat,NLP,1,0,1,0,0,1,0
Sakalti/Saka-14B,merge,"sometimesanotion/Lamarck-14B-v0.7, sometimesanotion/Qwenvergence-14B-v11",text-generation,transformers,4508,NLP,merge,"sometimesanotion/Lamarck-14B-v0.7, sometimesanotion/Qwenvergence-14B-v11",NLP,1,1,1,1,0,0,0
gpustack/bge-reranker-v2-m3-GGUF,,,text-classification,sentence-transformers,3403,NLP,quantized,BAAI/bge-reranker-v2-m3,NLP,1,0,1,0,0,1,0
latiao1999/task-10-microsoft-Phi-3-mini-4k-instruct,adapter,Qwen/Qwen2.5-7B-Instruct,,peft,2998,Unknown,adapter,Qwen/Qwen2.5-7B-Instruct,NLP,1,0,1,0,0,0,0
cognitivecomputations/dolphin-2.9.1-llama-3-8b,finetune,meta-llama/Meta-Llama-3-8B,text-generation,transformers,14225,NLP,finetune,meta-llama/Meta-Llama-3-8B,NLP,1,1,1,1,0,0,0
01-ai/Yi-34B-Chat,,,text-generation,transformers,17366,NLP,/,/,NLP,1,1,0,0,0,0,0
Dampfinchen/Llama-3.1-8B-Ultra-Instruct,merge,"nbeerbower/llama3.1-airoboros3.2-QDT-8B, akjindal53244/Llama-3.1-Storm-8B, NousResearch/Meta-Llama-3.1-8B, Sao10K/Llama-3.1-8B-Stheno-v3.4, nbeerbower/llama3.1-gutenberg-8B",text-generation,transformers,3326,NLP,merge,"nbeerbower/llama3.1-airoboros3.2-QDT-8B, akjindal53244/Llama-3.1-Storm-8B, NousResearch/Meta-Llama-3.1-8B, Sao10K/Llama-3.1-8B-Stheno-v3.4, nbeerbower/llama3.1-gutenberg-8B",NLP,1,1,1,1,0,0,0
mrm8488/wav2vec2-large-xlsr-53-euskera,,,automatic-speech-recognition,transformers,3020,Audio,finetune,facebook/wav2vec2-large-xlsr-53,Audio,1,0,1,0,0,1,0
TheBloke/Mythalion-13B-AWQ,quantized,PygmalionAI/mythalion-13b,text-generation,transformers,3475,NLP,quantized,PygmalionAI/mythalion-13b,NLP,1,0,1,0,0,0,0
M-CLIP/XLM-Roberta-Large-Vit-L-14,,,,transformers,3711,Unknown,/,/,Multimodal,1,0,0,0,1,0,0
abhishekchohan/Yi-9B-Forest-DPO-v1.0,,,text-generation,transformers,3994,NLP,finetune,01-ai/Yi-9B,NLP,1,1,1,1,0,1,0
lllyasviel/sd-controlnet-canny,adapter,runwayml/stable-diffusion-v1-5,image-to-image,diffusers,193588,CV,adapter,runwayml/stable-diffusion-v1-5,CV,0,1,1,1,0,0,0
trl-internal-testing/tiny-Idefics2ForConditionalGeneration,,,image-text-to-text,transformers,7592,Multimodal,/,/,Multimodal,1,0,0,0,1,0,0
r1char9/ner-rubert-tiny-news,finetune,cointegrated/rubert-tiny2,token-classification,,7959,NLP,finetune,cointegrated/rubert-tiny2,NLP,1,0,1,0,0,0,0
mlx-community/DeepSeek-R1-0528-Qwen3-8B-4bit-DWQ,quantized,deepseek-ai/DeepSeek-R1-0528-Qwen3-8B,text-generation,mlx,3344,NLP,quantized,deepseek-ai/DeepSeek-R1-0528-Qwen3-8B,NLP,1,0,1,0,0,0,0
Intel/tiny-random-falcon,,,text-generation,transformers,4276,NLP,finetune,tiiuae/falcon-7b-instruct,NLP,1,0,1,0,0,1,0
google/mobilenet_v2_1.0_224,,,image-classification,transformers,36300,CV,/,/,CV,1,1,0,0,0,0,0
HuggingFaceM4/Idefics3-8B-Llama3,,,image-text-to-text,transformers,46397,Multimodal,finetune,google/siglip-so400m-patch14-384 and meta-llama/Meta-Llama-3.1-8B-Instruct,Multimodal,1,1,1,1,0,1,0
OpenBuddy/openbuddy-llemma-34b-v13.2,,,text-generation,transformers,3457,NLP,/,/,NLP,1,1,0,0,0,0,0
ariG23498/tiny-llama3-test,,,text-generation,transformers,3060,NLP,finetune,tiny-llama3,NLP,1,1,1,1,0,1,0
Mantis2024/Dirty-Muse-Writer-v01-Uncensored-Erotica-NSFW,merge,"Mantis2024/Dirty-Shirley-Writer-v2-9B-Uncensored, nerdigent/Darkest-muse-v1-lorablated-v2, IlyaGusev/gemma-2-9b-it-abliterated",text-generation,transformers,4117,NLP,merge,"Mantis2024/Dirty-Shirley-Writer-v2-9B-Uncensored, nerdigent/Darkest-muse-v1-lorablated-v2, IlyaGusev/gemma-2-9b-it-abliterated",NLP,1,1,1,1,0,0,0
stabilityai/stable-code-3b,,,text-generation,transformers,6272,NLP,/,/,NLP,1,1,0,0,0,0,0
TheBloke/OpenHermes-2.5-Mistral-7B-AWQ,quantized,teknium/OpenHermes-2.5-Mistral-7B,text-generation,transformers,4367,NLP,quantized,teknium/OpenHermes-2.5-Mistral-7B,NLP,1,0,1,0,0,0,0
rinna/japanese-gpt2-medium,,,text-generation,transformers,11123,NLP,/,/,NLP,1,1,0,0,0,0,0
T-Systems-onsite/cross-en-de-roberta-sentence-transformer,,,feature-extraction,transformers,110253,NLP,finetune,FacebookAI/xlm-roberta-base,NLP,1,1,1,1,0,1,0
3SixtyVentures/SN360387,,,,,3290,Unknown,/,/,NLP,1,0,0,0,1,0,0
sentence-transformers-testing/stsb-bert-tiny-openvino,,,sentence-similarity,sentence-transformers,10852,NLP,/,/,NLP,1,0,0,0,1,0,0
skfrost19/BioMistralMerged,quantized,BioMistral/BioMistral-7B,text-generation,transformers,3625,NLP,merge,BioMistral/BioMistral-7B and mohsenfayyaz/Mistral-7B-Instruct-v0.2_medical_bios_5000_5ep,NLP,1,1,1,1,0,0,1
microsoft/dit-base-finetuned-rvlcdip,,,image-classification,transformers,193586,CV,/,/,CV,1,1,0,0,0,0,0
katuni4ka/tiny-random-deepseek-v3,,,text-generation,,30704,NLP,/,/,NLP,1,0,0,0,1,0,0
BAAI/AltCLIP,,,zero-shot-image-classification,transformers,10761,CV,/,/,CV,1,0,0,0,1,0,0
SakanaAI/Llama-3-EvoVLM-JP-v2,,,image-to-text,transformers,4002,CV,merge,"Meta-Llama-3-8B-Instruct
Mantis-8B-siglip-llama3
Bunny-v1.1-Llama-3-8B-V
",CV,1,0,1,0,0,1,0
koboldcpp/imgmodel,,,,,10424,Unknown,/,/,CV,1,0,0,0,1,0,0
sbintuitions/tiny-lm-chat,,,text-generation,transformers,3397,NLP,finetune,sbintuitions/tiny-lm,NLP,1,0,1,0,0,1,0
SeacomSrl/SeaPhi3-mini,,,text-generation,transformers,5395,NLP,finetune,microsoft/Phi-3-mini-128k-instruct,NLP,1,1,1,1,0,1,0
stabilityai/stable-virtual-camera,,,image-to-video,,15509,CV,/,/,CV,0,0,0,0,1,0,0
RubielLabarta/LogoS-7Bx2-MoE-13B-v0.2,merge,"TomGrc/FusionNet_7Bx2_MoE_14B, yunconglong/Truthful_DPO_TomGrc_FusionNet_7Bx2_MoE_13B",text-generation,transformers,10004,NLP,merge,"TomGrc/FusionNet_7Bx2_MoE_14B, yunconglong/Truthful_DPO_TomGrc_FusionNet_7Bx2_MoE_13B",NLP,1,1,1,1,0,0,0
yasyf/colnomic-embed-multimodal-3b-merged,,,,transformers,15138,Unknown,/,/,NLP,1,0,0,0,1,0,0
facebook/dpr-ctx_encoder-multiset-base,,,,transformers,10729,Unknown,/,/,NLP,1,0,0,0,1,0,0
togethercomputer/RedPajama-INCITE-7B-Instruct,,,text-generation,transformers,3041,NLP,finetune,RedPajama-INCITE-7B-Base,NLP,1,1,1,1,0,1,0
altomek/YiSM-34B-0rn,merge,"01-ai/Yi-1.5-34B-Chat, 01-ai/Yi-1.5-34B",text-generation,transformers,18197,NLP,merge,"01-ai/Yi-1.5-34B-Chat, 01-ai/Yi-1.5-34B",NLP,1,1,1,1,0,0,0
Qwen/Qwen1.5-0.5B-Chat-GGUF,,,text-generation,,4898,NLP,quantized,Qwen/Qwen1.5-0.5B-Chat,NLP,1,0,1,0,0,1,0
RedHatAI/Pixtral-Large-Instruct-2411-hf-FP8-dynamic,quantized,mistralai/Pixtral-Large-Instruct-2411,image-text-to-text,vllm,17638,Multimodal,quantized,mistralai/Pixtral-Large-Instruct-2411,Multimodal,0,0,1,0,0,0,0
OpenGVLab/InternVL2-8B,merge,"OpenGVLab/InternViT-300M-448px, internlm/internlm2_5-7b-chat",image-text-to-text,transformers,346664,Multimodal,merge,"OpenGVLab/InternViT-300M-448px, internlm/internlm2_5-7b-chat",Multimodal,1,1,1,1,0,0,0
ABDALLALSWAITI/FLUX.1-dev-ControlNet-Union-Pro-2.0-fp8,quantized,Shakker-Labs/FLUX.1-dev-ControlNet-Union-Pro-2.0,text-to-image,diffusers,5706,CV,quantized,Shakker-Labs/FLUX.1-dev-ControlNet-Union-Pro-2.0,CV,0,0,1,0,0,0,0
DopeorNope/Zero_COKE_K-13B,,,text-generation,transformers,3329,NLP,/,/,NLP,1,1,0,0,0,0,0
Tochka-AI/ruRoPEBert-e5-base-2k,,,feature-extraction,transformers,2908,NLP,finetune,hivaze/ru-e5-base,NLP,1,0,1,0,0,1,0
rizvandwiki/gender-classification,,,image-classification,transformers,2388464,CV,/,/,CV,1,1,0,0,0,0,0
sbintuitions/sarashina2.2-3b,,,,,4443,Unknown,/,/,NLP,1,1,0,0,0,0,0
TanyaVM/MistralAWQ2,,,,,64285,Unknown,quantized,?,NLP,1,0,1,0,0,1,0
3SixtyVentures/SN3603811,,,,,3259,Unknown,finetune,dstrbtd/llama-1b,NLP,1,0,1,0,0,1,0
timm/vit_large_patch14_reg4_dinov2.lvd142m,,,image-feature-extraction,timm,2002008,CV,/,/,CV,1,0,0,0,1,0,0
Tomlim/myt5-base,,,text-generation,transformers,3500,NLP,/,/,NLP,1,0,0,0,1,0,0
sashaboguraev/filler_gap_obj_pythia-14m_pos_3_layer_5,,,,,4633,Unknown,/,/,Unknown,0,0,0,0,1,0,0
autogluon/chronos-bolt-base,,,time-series-forecasting,,4617675,Tabular,finetune,t5-efficient-base,Tabular,1,1,1,1,0,1,0
PlanTL-GOB-ES/roberta-large-bne-sqac,,,question-answering,transformers,3437,NLP,/,/,NLP,1,1,0,0,0,0,0
ChenWeiLi/Med-ChimeraLlama-3-8B_SHERP,merge,"mlabonne/ChimeraLlama-3-8B-v3, johnsnowlabs/JSL-MedLlama-3-8B-v2.0",text-generation,transformers,4015,NLP,merge,"mlabonne/ChimeraLlama-3-8B-v3, johnsnowlabs/JSL-MedLlama-3-8B-v2.0",NLP,1,1,1,1,0,0,0
sentence-transformers-testing/stsb-bert-tiny-onnx,,,sentence-similarity,sentence-transformers,6459,NLP,/,/,NLP,1,0,0,0,1,0,0
answerdotai/ModernBERT-large,,,fill-mask,transformers,117788,NLP,/,/,NLP,1,1,0,0,0,0,0
sentence-transformers/paraphrase-MiniLM-L12-v2,,,sentence-similarity,sentence-transformers,79110,NLP,/,/,NLP,1,1,0,0,0,0,0
sashaboguraev/filler_gap_obj_pythia-14m_pos_5_layer_3,,,,,8402,Unknown,/,/,NLP,1,0,0,0,1,0,0
6chan/flux1-kontext-dev-fp8,quantized,black-forest-labs/FLUX.1-Kontext-dev,image-to-image,diffusion-single-file,5337,CV,quantized,black-forest-labs/FLUX.1-Kontext-dev,CV,0,0,1,0,0,0,0
multimolecule/rnafm,,,fill-mask,multimolecule,5273,NLP,/,/,NLP,1,1,0,0,0,0,0
ludocomito/Minerva-MoE-3x3B,merge,"FairMind/Minerva-3B-Instruct-v1.0, DeepMount00/Minerva-3B-base-RAG, sapienzanlp/Minerva-3B-base-v1.0",text-generation,transformers,4060,NLP,merge,"FairMind/Minerva-3B-Instruct-v1.0, DeepMount00/Minerva-3B-base-RAG, sapienzanlp/Minerva-3B-base-v1.0",NLP,1,1,1,1,0,0,0
rrw-x2/KoSOLAR-10.7B-DPO-v1.0,,,text-generation,transformers,3305,NLP,finetune,rrw-x2/KoSOLAR-10.7B,NLP,1,1,1,1,0,1,0
deepseek-ai/deepseek-moe-16b-chat,,,text-generation,transformers,6858,NLP,/,/,NLP,1,1,0,0,0,0,0
Shitao/OmniGen-v1-diffusers,,,,diffusers,4235,Unknown,/,/,Unknown,1,0,0,0,1,0,0
leo009/stable-diffusion-3-medium,,,text-to-image,diffusers,6719,CV,/,/,CV,0,0,0,0,1,0,0
jonatasgrosman/wav2vec2-large-xlsr-53-russian,,,automatic-speech-recognition,transformers,4669270,Audio,finetune,facebook/wav2vec2-large-xlsr-53,Audio,1,1,1,1,0,1,0
utahnlp/rotten_tomatoes_t5-base_seed-1,,,text-generation,transformers,5966,NLP,/,/,NLP,1,0,0,0,1,0,0
1-800-BAD-CODE/punct_cap_seg_47_language,,,text-generation,generic,9841,NLP,/,/,NLP,1,0,0,0,1,0,0
cognitivecomputations/dolphin-2.9.1-yi-1.5-34b,finetune,01-ai/Yi-1.5-34B,text-generation,transformers,4813554,NLP,finetune,01-ai/Yi-1.5-34B,NLP,1,1,1,1,0,0,0
SeaLLMs/SeaLLM-7B-v2,,,text-generation,transformers,10466,NLP,finetune,Mistral-7B,NLP,1,1,1,1,0,1,0
TheBloke/Chronos-Hermes-13b-v2-GGUF,quantized,Austism/chronos-hermes-13b-v2,,transformers,3735,Unknown,quantized,Austism/chronos-hermes-13b-v2,NLP,1,0,1,0,0,0,0
jinaai/jina-embeddings-v2-base-en,,,feature-extraction,sentence-transformers,198721,NLP,/,/,NLP,1,1,0,0,0,0,0
ds4sd/CodeFormula,,,,,39424,Unknown,/,/,multimodal,0,0,0,0,1,0,0
intfloat/multilingual-e5-small,,,sentence-similarity,sentence-transformers,2227668,NLP,finetune,microsoft/Multilingual-MiniLM-L12-H384,NLP,1,1,1,1,0,1,0
iqbalamo93/Meta-Llama-3.1-8B-Instruct-GPTQ-Q_8,quantized,meta-llama/Llama-3.1-8B-Instruct,text-generation,,2796,NLP,quantized,meta-llama/Llama-3.1-8B-Instruct,NLP,1,0,1,0,0,0,0
stjiris/bert-large-portuguese-cased-legal-mlm-sts-v1.0,,,sentence-similarity,sentence-transformers,3188,NLP,finetune,neuralmind/bert-large-portuguese-cased,NLP,1,1,1,1,0,1,0
penguin102/c66-h12,,,,,3365,Unknown,finetune,distributed/llama-1b,NLP,1,0,1,0,0,1,0
oliverguhr/spelling-correction-english-base,,,text-generation,transformers,33661,NLP,/,/,NLP,1,0,0,0,1,0,0
CAMeL-Lab/bert-base-arabic-camelbert-mix-sentiment,,,text-classification,transformers,131876,NLP,finetune,CAMeL-Lab/bert-base-arabic-camelbert-mix,NLP,1,0,1,0,0,1,0
juliensimon/xlm-v-base-language-id,finetune,facebook/xlm-v-base,text-classification,transformers,2912,NLP,finetune,facebook/xlm-v-base,NLP,1,0,1,0,0,0,0
Mungert/Qwen3-Embedding-0.6B-GGUF,quantized,Qwen/Qwen3-0.6B-Base,feature-extraction,sentence-transformers,4101,NLP,quantized,Qwen/Qwen3-0.6B-Base,NLP,1,0,1,0,0,0,0
UBC-NLP/MARBERT,,,fill-mask,transformers,4317,NLP,/,/,NLP,1,1,0,0,0,0,0
google-bert/bert-base-german-cased,,,fill-mask,transformers,555183,NLP,/,/,NLP,1,1,0,0,0,0,0
openai/whisper-base,,,automatic-speech-recognition,transformers,687445,Audio,/,/,Audio,1,1,0,0,0,0,0
zer0int/LongCLIP-L-Diffusers,finetune,BeichenZhang/LongCLIP-L,,,24909,Unknown,finetune,BeichenZhang/LongCLIP-L,multimodal,1,0,1,0,0,0,0
mlx-community/DeepSeek-R1-0528-Qwen3-8B-4bit,quantized,deepseek-ai/DeepSeek-R1-0528-Qwen3-8B,text-generation,mlx,3147,NLP,quantized,deepseek-ai/DeepSeek-R1-0528-Qwen3-8B,NLP,1,0,1,0,0,0,0
timm/convit_base.fb_in1k,,,image-classification,timm,9299,CV,finetune,https://github.com/facebookresearch/convit,CV,1,0,1,0,0,1,0
openchat/openchat-3.5-0106-gemma,,,text-generation,transformers,5485,NLP,/,/,NLP,1,1,0,0,0,0,0
Magpie-Align/Llama-3.1-8B-Magpie-Align-v0.1,finetune,Magpie-Align/Llama-3.1-8B-Magpie-Align-SFT-v0.1,text-generation,transformers,3312,NLP,finetune,Magpie-Align/Llama-3.1-8B-Magpie-Align-SFT-v0.1,NLP,1,1,1,1,0,0,0
mradermacher/oh-dcft-v3.1-claude-3-5-sonnet-20241022-GGUF,quantized,mlfoundations-dev/oh-dcft-v3.1-claude-3-5-sonnet-20241022,,transformers,17886,Unknown,quantized,mlfoundations-dev/oh-dcft-v3.1-claude-3-5-sonnet-20241022,NLP,1,1,1,1,0,0,0
NousResearch/Hermes-2-Pro-Mistral-7B-GGUF,quantized,mistralai/Mistral-7B-v0.1,,,5894,Unknown,quantized,mistralai/Mistral-7B-v0.1,NLP,1,0,1,0,0,0,0
allenai/OLMo-2-1124-7B-Instruct,finetune,allenai/OLMo-2-1124-7B-DPO,text-generation,transformers,11642,NLP,finetune,allenai/OLMo-2-1124-7B-DPO,NLP,1,1,1,1,0,0,0
NousResearch/DeepHermes-3-Llama-3-8B-Preview,finetune,meta-llama/Llama-3.1-8B,text-generation,transformers,6438,NLP,finetune,meta-llama/Llama-3.1-8B,NLP,1,1,1,1,0,0,0
Helsinki-NLP/opus-mt-et-en,,,translation,transformers,3410,NLP,/,/,NLP,1,1,0,0,0,0,0
lmstudio-community/DeepSeek-R1-0528-Qwen3-8B-GGUF,quantized,deepseek-ai/DeepSeek-R1-0528-Qwen3-8B,text-generation,,247344,NLP,quantized,deepseek-ai/DeepSeek-R1-0528-Qwen3-8B,NLP,1,0,1,0,0,0,0
PULSE-ECG/PULSE-7B,,,image-text-to-text,,3991,Multimodal,/,/,Multimodal,?,1,0,0,0,0,0
FremyCompany/BioLORD-2023-C,,,sentence-similarity,sentence-transformers,27148,NLP,finetune,sentence-transformers/all-mpnet-base-v2,NLP,1,0,1,0,0,1,0
nferruz/ProtGPT2,,,text-generation,transformers,204936,NLP,/,/,NLP,1,1,0,0,0,0,0
kyujinpy/Ko-PlatYi-6B,,,text-generation,transformers,3307,NLP,finetune,beomi/Yi-Ko-6B,NLP,1,1,1,1,0,1,0
dangvantuan/vietnamese-embedding,,,sentence-similarity,sentence-transformers,21038,NLP,/,/,NLP,1,1,0,0,0,0,0
timm/vit_base_patch32_224.augreg_in21k_ft_in1k,,,image-classification,timm,10203,CV,/,/,CV,1,1,0,0,0,0,0
mshenoda/roberta-spam,,,text-classification,transformers,20108,NLP,finetune,roberta-base,NLP,1,1,1,1,0,1,0
pierreguillou/ner-bert-base-cased-pt-lenerbr,,,token-classification,transformers,3347,NLP,finetune,pierreguillou/bert-base-cased-pt-lenerbr,NLP,1,1,1,0,0,1,0
uukuguy/speechless-zephyr-code-functionary-7b,,,text-generation,transformers,9291,NLP,merge,...,NLP,1,1,1,1,0,1,0
katuni4ka/tiny-random-baichuan2-13b,,,text-generation,transformers,90194,NLP,/,/,NLP,1,0,0,0,1,0,0
kwoncho/ko-sroberta-multitask-informative,,,text-classification,transformers,17284,NLP,finetune,jhgan/ko-sroberta-multitask,NLP,1,0,1,0,0,1,0
sentence-transformers/msmarco-distilbert-base-dot-prod-v3,,,sentence-similarity,sentence-transformers,137534,NLP,/,/,NLP,1,1,0,0,0,0,0
CohereLabs/c4ai-command-r-v01,,,text-generation,transformers,11587,NLP,/,/,NLP,1,1,0,0,0,0,0
deepseek-ai/deepseek-math-7b-instruct,,,text-generation,transformers,7074,NLP,finetune,deepseek-ai/deepseek-math-7b,NLP,1,1,1,1,0,1,0
osllmai-community/Llama-3.2-1B,finetune,meta-llama/Llama-3.2-1B,text-generation,transformers,16408,NLP,finetune,meta-llama/Llama-3.2-1B,NLP,1,1,1,1,0,0,0
unsloth/DeepSeek-R1-0528-Qwen3-8B-GGUF,quantized,deepseek-ai/DeepSeek-R1-0528-Qwen3-8B,text-generation,transformers,875564,NLP,quantized,deepseek-ai/DeepSeek-R1-0528-Qwen3-8B,NLP,1,0,1,0,0,0,0
nomic-ai/nomic-embed-text-v1.5-GGUF,quantized,nomic-ai/nomic-embed-text-v1.5,sentence-similarity,,12239,NLP,quantized,nomic-ai/nomic-embed-text-v1.5,NLP,1,0,1,0,0,0,0
Bedovyy/Qwen3-32B.w8a8,quantized,Qwen/Qwen3-32B,text-generation,transformers,3014,NLP,quantized,Qwen/Qwen3-32B,NLP,1,0,1,0,0,0,0
vectara/hallucination_evaluation_model,finetune,google/flan-t5-base,text-classification,transformers,367396,NLP,finetune,google/flan-t5-base,NLP,1,0,1,0,0,0,0
facebook/mms-1b-fl102,,,automatic-speech-recognition,transformers,3424,Audio,finetune,facebook/mms-1b,Audio,1,1,1,1,0,1,0
sentence-transformers/all-distilroberta-v1,,,sentence-similarity,sentence-transformers,337482,NLP,finetune,distilroberta-base,NLP,1,1,1,1,0,1,0
AIDX-ktds/ktdsbaseLM-v0.16-onbased-llama3.1,,,text-generation,transformers,3310,NLP,/,/,NLP,1,0,0,0,1,0,0
unsloth/Mistral-Nemo-Instruct-2407-bnb-4bit,,,text-generation,transformers,664660,NLP,/,/,NLP,1,1,0,0,0,0,0
sashaboguraev/filler_gap_obj_pythia-410m_pos_4_layer_17,,,,,16542,Unknown,/,/,Unknown,?,0,0,0,1,0,0
vicgalle/Configurable-Llama-3.1-8B-Instruct,,,text-generation,transformers,3409,NLP,finetune,Llama-3.1-8B,NLP,1,1,1,1,0,1,0
nm-testing/Meta-Llama-3-8B-Instruct-W8A8-Static-Per-Tensor-Asym,,,,,3771,Unknown,quantize,Meta-Llama-3-8B-Instruct,NLP,1,0,1,0,0,1,0
circulus/canvers-en2ko-v2,,,text-generation,transformers,2744,NLP,/,/,NLP,1,0,0,0,1,0,0
flair/upos-multi,,,token-classification,flair,7107,NLP,finetune,Flair embeddings and LSTM-CRF,NLP,1,0,1,0,0,1,0
astronomer/Llama-3-8B-Instruct-GPTQ-4-Bit,quantized,meta-llama/Meta-Llama-3-8B-Instruct,text-generation,transformers,3349,NLP,quantized,meta-llama/Meta-Llama-3-8B-Instruct,NLP,1,1,1,1,0,0,0
knowledgator/gliner-multitask-large-v0.5,,,token-classification,gliner,4652,NLP,/,/,NLP,1,1,0,0,0,0,0
timm/cait_s24_224.fb_dist_in1k,,,image-classification,timm,4316,CV,/,/,CV,1,1,0,0,0,0,0
TaylorAI/bge-micro,,,sentence-similarity,sentence-transformers,3511,NLP,distill,bge-small-en-v1.5,NLP,1,1,1,1,0,1,0
JujoHotaru/lora,,,text-to-image,diffusers,22960,CV,/,/,CV,1,1,0,0,0,0,0
zetasepic/Qwen2.5-72B-Instruct-abliterated,finetune,Qwen/Qwen2.5-72B-Instruct,text-generation,,3463,NLP,finetune,Qwen/Qwen2.5-72B-Instruct,NLP,1,1,1,1,0,0,0
eugenesiow/bart-paraphrase,,,text-generation,transformers,4937,NLP,finetune,facebook/bart-large,NLP,1,1,1,1,0,1,0
GAI-LLM/llama-2-koen-13b-dpo-v2,,,text-generation,transformers,3325,NLP,finetune,llama-2-koen-13b-mixed-v10,NLP,1,1,1,1,0,1,0
MBZUAI/GLaMM-GranD-Pretrained,,,text-generation,transformers,91922,NLP,/,/,NLP,1,0,0,0,1,0,0
jeonghyeon97/koBERT-Senti5,finetune,monologg/kobert,text-classification,transformers,2952,NLP,finetune,monologg/kobert,NLP,1,0,1,0,0,0,0
lmstudio-community/Codestral-22B-v0.1-GGUF,quantized,mistralai/Codestral-22B-v0.1,text-generation,,10520,NLP,quantized,mistralai/Codestral-22B-v0.1,NLP,1,0,1,0,0,0,0
RefalMachine/ruadapt_qwen2.5_7B_ext_u48_instruct,,,text-generation,,3372,NLP,finetune,Qwen2.5-7B,NLP,1,1,1,1,0,1,0
timm/flexivit_base.1200ep_in1k,,,image-classification,timm,3851,CV,/,/,CV,1,1,0,0,0,0,0
meta-llama/Llama-3.2-90B-Vision-Instruct,,,image-text-to-text,transformers,14835,Multimodal,finetune,meta-llama/Llama-3.2-90B-Vision,Multimodal,1,1,1,1,0,1,0
state-spaces/mamba-370m-hf,,,text-generation,transformers,6519,NLP,/,/,NLP,1,1,0,0,0,0,0
allenai/OLMoE-1B-7B-0924,,,text-generation,transformers,139501,NLP,/,/,NLP,1,1,0,0,0,0,0
Qwen/Qwen1.5-0.5B-Chat,,,text-generation,transformers,438713,NLP,/,/,NLP,1,1,0,0,0,0,0
Universal-NER/UniNER-7B-all,,,text-generation,transformers,5808,NLP,/,/,NLP,1,1,0,0,0,0,0
allenai/OLMo-7B-0424-hf,,,text-generation,transformers,4390,NLP,/,/,NLP,1,1,0,0,0,0,0
bartowski/Meta-Llama-3-8B-Instruct-GGUF,,,text-generation,,9856,NLP,quantize,Meta-Llama-3-8B-Instruct,NLP,1,1,1,1,0,1,0
nvidia/Mistral-NeMo-Minitron-8B-Base,,,text-generation,transformers,7077,NLP,distill,Mistral-NeMo 12B,NLP,1,1,1,1,0,1,0
timm/convnext_base.fb_in22k_ft_in1k,,,image-classification,timm,111073,CV,/,/,CV,1,1,0,0,0,0,0
timm/tinynet_a.in1k,,,image-classification,timm,23709,CV,/,/,CV,0,0,0,0,1,0,0
relaxml/Llama-3.1-8b-Instruct-QTIP-2Bit,,,,,4691,Unknown,quantize,relaxml/Llama-3.1-8b-Instruct,NLP,1,0,1,0,0,1,0
canlinzhang/wav2vec2_speech_emotion_recognition_trained_on_IEMOCAP,,,audio-classification,transformers,3240,Audio,finetune,facebook/wav2vec2-base,Audio,1,0,1,0,0,1,0
cagliostrolab/animagine-xl-3.0,finetune,Linaqruf/animagine-xl-2.0,text-to-image,diffusers,3489,CV,finetune,Linaqruf/animagine-xl-2.0,CV,0,1,1,1,0,0,0
qnguyen3/Master-Yi-9B,,,text-generation,transformers,15056,NLP,/,/,NLP,1,1,0,0,0,0,0
openai/whisper-large-v3,,,automatic-speech-recognition,transformers,3009896,Audio,/,/,audio,1,1,0,0,0,0,0
timm/vit_base_patch16_224.augreg_in21k_ft_in1k,,,image-classification,timm,8866,CV,/,/,CV,1,0,0,0,1,0,0
Qwen/Qwen2.5-Math-7B,finetune,Qwen/Qwen2.5-7B,text-generation,transformers,76269,NLP,finetune,Qwen/Qwen2.5-7B,NLP,1,1,1,1,0,0,0
fxmarty/tiny-doc-qa-vision-encoder-decoder,,,document-question-answering,transformers,64675,Multimodal,/,/,Multimodal,1,1,0,0,0,0,0
amd/Phi-3.5-mini-instruct-awq-g128-int4-asym-bf16-onnx-ryzen-strix,quantized,microsoft/Phi-3.5-mini-instruct,text-generation,transformers,4722,NLP,quantized,microsoft/Phi-3.5-mini-instruct,NLP,1,0,1,0,0,0,0
mradermacher/oh-dcft-v3.1-gemini-1.5-pro-i1-GGUF,quantized,mlfoundations-dev/oh-dcft-v3.1-gemini-1.5-pro,,transformers,18162,Unknown,quantized,mlfoundations-dev/oh-dcft-v3.1-gemini-1.5-pro,NLP,1,0,1,0,0,0,0
internlm/internlm2_5-7b-chat,,,text-generation,transformers,18780,NLP,/,/,NLP,1,1,0,0,0,0,0
ehsanaghaei/SecureBERT,,,fill-mask,transformers,8172,NLP,finetune,RoBERTa,NLP,1,1,1,1,0,0,0
ggml-org/Qwen2.5-Coder-0.5B-Q8_0-GGUF,quantized,Qwen/Qwen2.5-Coder-0.5B,text-generation,transformers,3477,NLP,quantized,Qwen/Qwen2.5-Coder-0.5B,NLP,1,0,1,0,0,0,0
meta-llama/Llama-3.2-1B-Instruct,,,text-generation,transformers,2594536,NLP,finetune,meta-llama/Llama-3.2-1B,NLP,1,1,1,1,0,1,0
tao1000/main23-model,,,,,2906,Unknown,/,/,Unknown,?,0,0,0,1,0,0
WhiteRabbitNeo/WhiteRabbitNeo-V3-7B,finetune,Qwen/Qwen2.5-Coder-7B,text-generation,transformers,4542,NLP,finetune,Qwen/Qwen2.5-Coder-7B,NLP,1,1,1,1,0,0,0
ivrit-ai/whisper-large-v3-turbo-ct2,finetune,openai/whisper-large-v3-turbo,,,9634,Unknown,finetune,openai/whisper-large-v3-turbo,audio,1,0,1,0,0,0,0
teddylee777/Llama-3-Open-Ko-8B-gguf,,,text-generation,transformers,3659,NLP,quantize,beomi/Llama-3-Open-Ko-8B,NLP,1,0,1,0,0,1,0
medmediani/Arabic-KW-Mdel,,,sentence-similarity,sentence-transformers,12128,NLP,/,/,NLP,1,0,0,0,1,0,0
bartowski/Rombos-LLM-70b-Llama-3.3-GGUF,quantized,rombodawg/Rombos-LLM-70b-Llama-3.3,text-generation,,2775,NLP,quantized,rombodawg/Rombos-LLM-70b-Llama-3.3,NLP,1,0,1,0,0,0,0
cognitivecomputations/dolphin-2.9.2-mixtral-8x22b,finetune,mistral-community/Mixtral-8x22B-v0.1,text-generation,transformers,10019,NLP,quantize,mistral-community/Mixtral-8x22B-v0.1,NLP,1,0,1,0,0,0,0
gsdf/Counterfeit-V2.5,,,text-to-image,diffusers,15185,CV,/,/,CV,0,1,0,0,0,0,0
cyberdelia/CyberRealistic,,,text-to-image,diffusers,8381,CV,/,/,CV,0,0,0,0,1,0,0
VAGOsolutions/SauerkrautLM-Gemma-7b,,,text-generation,transformers,3995,NLP,finetune,google/gemma-7b,NLP,1,1,1,1,0,1,0
Secbone/llama-33B-instructed,,,text-generation,transformers,3020,NLP,finetune,Secbone/llama-33B,NLP,1,1,1,1,0,1,0
tiiuae/falcon-mamba-7b-instruct,finetune,tiiuae/falcon-mamba-7b,text-generation,transformers,25543,NLP,finetune,tiiuae/falcon-mamba-7b,NLP,1,1,1,1,0,0,0
distributed/llama-1b,,,,,106777,Unknown,/,/,NLP,1,0,0,0,1,0,0
bartowski/Llama-3.3-70B-Instruct-abliterated-GGUF,quantized,huihui-ai/Llama-3.3-70B-Instruct-abliterated,text-generation,,5986,NLP,quantized,huihui-ai/Llama-3.3-70B-Instruct-abliterated,NLP,1,0,1,0,0,0,0
fyaronskiy/ruRoberta-large-ru-go-emotions,finetune,ai-forever/ruRoberta-large,text-classification,transformers,3349,NLP,finetune,ai-forever/ruRoberta-large,NLP,1,0,1,0,0,0,0
BitAgent/BitAgent-8B,,,,,7829,Unknown,/,/,NLP,1,1,0,0,0,0,0
sentence-transformers/roberta-large-nli-stsb-mean-tokens,,,sentence-similarity,sentence-transformers,13111,NLP,/,/,NLP,1,0,0,0,1,0,0
lmstudio-community/Qwen2.5-Coder-14B-Instruct-MLX-8bit,quantized,Qwen/Qwen2.5-Coder-14B-Instruct,text-generation,mlx,61571,NLP,quantized,Qwen/Qwen2.5-Coder-14B-Instruct,NLP,1,0,1,0,0,0,0
NickelK/model3_0,,,text-to-image,diffusers,10648,CV,/,/,CV,0,0,0,0,1,0,0
Aardiiiiy/indobertweet-base-Indonesian-sentiment-analysis,,,text-classification,transformers,3104,NLP,finetune,IndoBertweet-base-uncased,NLP,1,1,1,1,0,1,0
ibm-granite/granite-20b-code-instruct-8k,finetune,ibm-granite/granite-20b-code-base-8k,text-generation,transformers,2983,NLP,finetune,ibm-granite/granite-20b-code-base-8k,NLP,1,1,1,1,0,0,0
igig98/ppo2,,,text-generation,transformers,3301,NLP,finetune,EleutherAI/polyglot-ko-12.8b,NLP,1,0,1,0,0,1,0
MaziyarPanahi/DeepSeek-V3-0324-GGUF,quantized,deepseek-ai/DeepSeek-V3-0324,text-generation,,191056,NLP,quantized,deepseek-ai/DeepSeek-V3-0324,NLP,1,0,1,0,0,0,0
OpenGVLab/InternVL3-14B-AWQ,quantized,OpenGVLab/InternVL3-14B,image-text-to-text,transformers,5592,Multimodal,quantized,OpenGVLab/InternVL3-14B,Multimodal,1,0,1,0,0,0,0
mmnga/ELYZA-japanese-Llama-2-7b-fast-instruct-gguf,,,,,3642,Unknown,quantize,mmnga/ELYZA-japanese-Llama-2-7b-fast-instruct,NLP,1,0,1,0,0,1,0
taobao-mnn/Qwen2.5-0.5B-Instruct-MNN,,,text-generation,,59244,NLP,quantize,Qwen2.5-0.5B-Instruct,NLP,1,0,1,0,0,1,0
lmstudio-community/Qwen2.5-0.5B-Instruct-MLX-4bit,quantized,Qwen/Qwen2.5-0.5B-Instruct,text-generation,mlx,3809,NLP,quantized,Qwen/Qwen2.5-0.5B-Instruct,NLP,1,0,1,0,0,0,0
avichr/heBERT,,,fill-mask,transformers,6864,NLP,/,/,NLP,1,0,0,0,1,0,0
hyunseoki/ko-ref-llama2-13b,,,text-generation,transformers,4043,NLP,finetune,Llama-2-13B,NLP,1,1,1,1,0,1,0
lpiccinelli/unidepth-v2-vitl14,,,,UniDepth,2648271,Unknown,/,/,NLP,1,0,0,0,1,0,0
Unispac/Llama2-7B-Chat-Augmented,,,,,3291,Unknown,finetune,ckpts/Llama-2-7b-chat-fp16,Unknown,1,0,1,0,0,1,0
togethercomputer/RedPajama-INCITE-Chat-3B-v1,,,text-generation,transformers,2763,NLP,finetune,RedPajama-INCITE-Base-3B-v1,NLP,1,1,1,1,0,1,0
SG161222/RealVisXL_V1.0,,,text-to-image,diffusers,2896,CV,/,/,CV,0,1,0,0,0,0,0
yentinglin/Llama-3-Taiwan-70B-Instruct,finetune,meta-llama/Meta-Llama-3-70B,text-generation,transformers,4355,NLP,finetune,meta-llama/Meta-Llama-3-70B,NLP,1,1,1,1,0,0,0
smp-hub/mit_b2.imagenet,,,image-classification,segmentation-models-pytorch,14248,CV,/,/,CV,?,0,0,0,1,0,0
unsloth/mistral-7b-v0.3-bnb-4bit,quantized,mistralai/Mistral-7B-v0.3,text-generation,transformers,33649,NLP,quantized,mistralai/Mistral-7B-v0.3,NLP,1,1,1,1,0,0,0
lmsys/vicuna-13b-v1.5-16k,,,text-generation,transformers,21848,NLP,finetune,Llama 2,NLP,1,1,1,1,0,1,0
deepset/gbert-base,,,fill-mask,transformers,9728,NLP,finetune,bert-base-german-cased,NLP,1,1,1,1,0,1,0
timm/resnet50.tv2_in1k,,,image-classification,timm,5992,CV,/,/,CV,0,1,0,0,0,0,0
Gustking/wav2vec2-large-xlsr-deepfake-audio-classification,finetune,alefiury/wav2vec2-large-xlsr-53-gender-recognition-librispeech,audio-classification,transformers,4028,Audio,finetune,alefiury/wav2vec2-large-xlsr-53-gender-recognition-librispeech,Audio,1,1,1,1,0,0,0
DAMO-NLP-MT/polylm-1.7b,,,text-generation,transformers,3310,NLP,/,/,NLP,1,1,0,0,0,0,0
unsloth/Qwen3-32B-GGUF,quantized,Qwen/Qwen3-32B,text-generation,transformers,36779,NLP,quantized,Qwen/Qwen3-32B,NLP,1,0,1,0,0,0,0
UnfilteredAI/DAN-L3-R1-8B,quantized,deepseek-ai/DeepSeek-R1-Distill-Llama-8B,text-generation,transformers,3388,NLP,quantized,deepseek-ai/DeepSeek-R1-Distill-Llama-8B,NLP,1,1,1,1,0,0,0
sentence-transformers/facebook-dpr-ctx_encoder-multiset-base,,,sentence-similarity,sentence-transformers,4596,NLP,/,/,NLP,1,1,0,0,0,0,0
Goekdeniz-Guelmez/Josiefied-Qwen2.5-7B-Instruct-abliterated-v2,finetune,Qwen/Qwen2.5-7B,text-generation,,3622,NLP,finetune,Qwen/Qwen2.5-7B,NLP,1,1,1,1,0,0,0
BLIP3o/BLIP3o-Model-8B,,,,diffusers,5073,Unknown,/,/,NLP,1,0,0,0,1,0,0
lmstudio-community/Qwen2.5-Coder-14B-Instruct-MLX-4bit,quantized,Qwen/Qwen2.5-Coder-14B-Instruct,text-generation,mlx,65990,NLP,quantized,Qwen/Qwen2.5-Coder-14B-Instruct,NLP,1,1,1,1,0,0,0
timm/samvit_base_patch16.sa1b,,,image-feature-extraction,timm,3579,CV,/,/,CV,1,0,0,0,1,0,0
sometimesanotion/Lamarck-14B-v0.7-Fusion,merge,"jpacifico/Chocolatine-2-14B-Instruct-v2.0.3, sometimesanotion/Lamarck-14B-v0.7, sometimesanotion/Qwenvergence-14B-v12-Prose-DS, suayptalha/Lamarckvergence-14B",text-generation,transformers,4078,NLP,merge,"jpacifico/Chocolatine-2-14B-Instruct-v2.0.3, sometimesanotion/Lamarck-14B-v0.7, sometimesanotion/Qwenvergence-14B-v12-Prose-DS, suayptalha/Lamarckvergence-14B",NLP,1,1,1,1,0,0,0
google/gemma-7b-it,finetune,google/gemma-7b,text-generation,transformers,69219,NLP,finetune,google/gemma-7b,NLP,1,1,1,1,0,0,0
DavidAU/MN-DARKEST-UNIVERSE-29B-GGUF,quantize,mistralai/Mistral-Nemo-Instruct-2407,text-generation,,4437,NLP,quantize,mistralai/Mistral-Nemo-Instruct-2407,NLP,1,0,1,0,0,0,0
jameslahm/yoloe,,,object-detection,ultralytics,15130,CV,/,/,CV,0,0,0,0,1,0,0
Qwen/Qwen3-Embedding-0.6B,finetune,Qwen/Qwen3-0.6B-Base,feature-extraction,sentence-transformers,2203754,NLP,finetune,Qwen/Qwen3-0.6B-Base,NLP,1,1,1,1,0,0,0
charsiu/g2p_multilingual_byT5_tiny_16_layers_100,,,text-generation,transformers,6050,NLP,finetune,/home/patrick/t5/byt5-small,NLP,1,1,1,1,0,1,0
4yo1/llama3-pre1-ds-lora1,,,translation,transformers,3303,NLP,/,/,NLP,1,0,0,0,1,0,0
unsloth/gemma-3-1b-it-bnb-4bit,quantized,google/gemma-3-1b-it,text-generation,transformers,4540,NLP,quantized,google/gemma-3-1b-it,NLP,1,1,1,1,0,0,0
Qwen/Qwen2.5-Math-1.5B-Instruct,finetune,Qwen/Qwen2.5-Math-1.5B,text-generation,transformers,114095,NLP,finetune,Qwen/Qwen2.5-Math-1.5B,NLP,1,1,1,1,0,0,0
facebook/mms-1b,,,,transformers,6206,Unknown,/,/,audio,1,1,0,0,0,0,0
sshleifer/distilbart-xsum-1-1,,,summarization,transformers,2913,NLP,/,/,NLP,1,0,0,0,1,0,0
MaziyarPanahi/calme-2.5-qwen2-7b,finetune,Qwen/Qwen2-7B,text-generation,transformers,3335,NLP,finetune,Qwen/Qwen2-7B,NLP,1,1,1,1,0,0,0
Edentns/DataVortexS-10.7B-v0.4,finetune,LDCC/LDCC-SOLAR-10.7B,text-generation,transformers,3294,NLP,finetune,LDCC/LDCC-SOLAR-10.7B,NLP,1,0,1,0,0,0,0
mradermacher/14B-Qwen2.5-Kunou-v1-GGUF,quantized,Sao10K/14B-Qwen2.5-Kunou-v1,,transformers,4548,Unknown,quantized,Sao10K/14B-Qwen2.5-Kunou-v1,NLP,1,0,1,0,0,0,0
SeerAttention/SeerAttention-Decode-Qwen3-4B-AttnGates,adapter,Qwen/Qwen3-4B,text-generation,transformers,4114,NLP,adapter,Qwen/Qwen3-4B,NLP,1,0,1,0,0,0,0
Metin/Gemma-2-9b-it-TR-DPO-V1,finetune,google/gemma-2-9b-it,text-generation,,4255,NLP,finetune,google/gemma-2-9b-it,NLP,1,1,1,1,0,0,0
guillaumekln/faster-whisper-base,,,automatic-speech-recognition,ctranslate2,8186,Audio,convert,openai/whisper-base,Audio,1,0,1,0,0,1,0
open-unlearning/tofu_Llama-3.1-8B-Instruct_full,,,,,4593,Unknown,finetune,open-unlearning/tofu_Llama-3.1-8B-Instruct,NLP,1,0,1,0,0,1,0
Oriserve/Whisper-Hindi2Hinglish-Prime,finetune,openai/whisper-large-v3,automatic-speech-recognition,transformers,3721,Audio,finetune,openai/whisper-large-v3,Audio,1,0,1,0,0,0,0
llm-jp/llm-jp-3.1-1.8b-instruct4,,,text-generation,transformers,5701,NLP,finetune,llm-jp-3,NLP,1,1,1,1,0,1,0
OpenGVLab/InternVL2_5-1B-MPO,finetune,OpenGVLab/InternVL2_5-1B,image-text-to-text,transformers,3792,Multimodal,finetune,OpenGVLab/InternVL2_5-1B,Multimodal,1,1,1,1,0,0,0
UCLA-AGI/Mistral7B-PairRM-SPPO-Iter3,,,text-generation,transformers,10421,NLP,finetune,mistralai/Mistral-7B-Instruct-v0.2,NLP,1,1,1,1,0,1,0
LnL-AI/TinyLlama-1.1B-Chat-v1.0-GPTQ-Marlin-4bit,,,text-generation,transformers,5449,NLP,quantize,TinyLlama/TinyLlama-1.1B-Chat-v1.0,NLP,1,0,1,0,0,1,0
FINDA-FIT/llama-2-ko-plain,,,text-generation,transformers,3302,NLP,finetune,llama-2,NLP,1,0,1,0,0,1,0
SVECTOR-CORPORATION/Spec-T1-RL-7B,,,text-generation,,4744,NLP,/,/,NLP,1,0,0,0,1,0,0
speechbrain/tts-hifigan-libritts-16kHz,,,text-to-speech,speechbrain,4290,Audio,/,/,Audio,0,0,0,0,1,0,0
paloalma/ECE-TW3-JRGL-V1,,,text-generation,transformers,10620,NLP,merge,152334H/miqu-1-70b-sf and  ShinojiResearch/Senku-70B-Full,NLP,1,1,1,1,0,1,0
ibm-granite/granite-3b-code-instruct-2k,finetune,ibm-granite/granite-3b-code-base-2k,text-generation,transformers,3496,NLP,finetune,ibm-granite/granite-3b-code-base-2k,NLP,1,1,1,1,0,0,0
llm-jp/llm-jp-3-980m,,,text-generation,transformers,3527,NLP,/,/,NLP,1,1,0,0,0,0,0
wannaphong/wav2vec2-large-xlsr-53-th-cv8-newmm,,,automatic-speech-recognition,transformers,8477,Audio,finetune,wav2vec2-large-xlsr-53,audio,1,0,1,0,0,1,0
pritamdeka/S-PubMedBert-MS-MARCO,,,sentence-similarity,sentence-transformers,56575,NLP,finetune,microsoft/BiomedNLP-PubMedBERT-base-uncased-abstract-fulltext,NLP,1,1,1,1,0,1,0
NLPark/AnFeng_v3_Avocet,,,text-generation,transformers,10612,NLP,/,/,NLP,1,1,0,0,0,0,0
timm/vit_large_patch14_dinov2.lvd142m,,,image-feature-extraction,timm,58434,CV,/,/,CV,1,1,0,0,0,0,0
llm-jp/llm-jp-3-7.2b-instruct3,,,text-generation,transformers,40566,NLP,finetune,llm-jp/llm-jp-3-7.2b,NLP,1,1,1,1,0,1,0
wisenut-nlp-team/Wisedom-8B-EmbeddingReordering,,,text-generation,transformers,3302,NLP,/,/,NLP,1,1,0,0,0,0,0
diffusers/controlnet-canny-sdxl-1.0,finetune,runwayml/stable-diffusion-v1-5,text-to-image,diffusers,9021,CV,finetune,runwayml/stable-diffusion-v1-5,CV,1,1,1,1,0,0,0
sashaboguraev/filler_gap_obj_pythia-410m_pos_3_layer_18,,,,,11169,Unknown,/,/,Unknown,?,0,0,0,1,0,0
mradermacher/GPT4chan-24B-i1-GGUF,quantized,v2ray/GPT4chan-24B,,transformers,3853,Unknown,quantized,v2ray/GPT4chan-24B,NLP,1,0,1,0,0,0,0
bartowski/WhiteRabbitNeo-2.5-Qwen-2.5-Coder-7B-GGUF,quantized,WhiteRabbitNeo/WhiteRabbitNeo-2.5-Qwen-2.5-Coder-7B,text-generation,transformers,5094,NLP,quantized,WhiteRabbitNeo/WhiteRabbitNeo-2.5-Qwen-2.5-Coder-7B,NLP,1,0,1,0,0,0,0
PaddlePaddle/PP-DocBlockLayout,,,image-to-text,PaddleOCR,7945,CV,/,/,CV,0,0,0,0,1,0,0
pszemraj/flan-t5-large-grammar-synthesis,,,text-generation,transformers,7571,NLP,finetune,google/flan-t5-large,NLP,1,1,1,1,0,1,0
Byungchae/k2s3_test_0001,,,text-generation,transformers,3317,NLP,finetune,meta-llama/Llama-2-13b-chat-hf,NLP,1,0,1,0,0,1,0
chentong00/propositionizer-wiki-flan-t5-large,,,text-generation,transformers,8450,NLP,/,/,NLP,1,1,0,0,0,0,0
timm/vit_large_patch14_clip_224.openai,,,,timm,3704,Unknown,/,/,multimodal,1,0,0,0,1,0,0
Nara-Lab/nallm-polyglot-ko-1.3b-base,,,text-generation,transformers,3337,NLP,/,/,NLP,1,0,0,0,1,0,0
circulus/canvers-ko2en-v1,,,text-generation,transformers,58935,NLP,/,/,NLP,1,0,0,0,1,0,0
PekingU/rtdetr_v2_r50vd,,,object-detection,transformers,8312,CV,/,/,CV,1,1,0,0,0,0,0
GAI-LLM/llama-2-koen-13b-mixed-v10,,,text-generation,transformers,3341,NLP,finetune,llama-2,NLP,1,0,1,0,0,1,0
fishaudio/fish-speech-1.5,,,text-to-speech,,4178,Audio,/,/,audio,?,1,0,0,0,0,0
AnatoliiPotapov/T-lite-instruct-0.1,,,text-generation,transformers,5339,NLP,finetune,T-lite-0.1,NLP,1,1,1,1,0,1,0
barc0/Llama-3.1-ARC-Potpourri-Transduction-8B,finetune,meta-llama/Llama-3.1-8B-Instruct,text-generation,transformers,3543,NLP,finetune,meta-llama/Llama-3.1-8B-Instruct,NLP,1,1,1,1,0,0,0
unsloth/Llama-3.2-3B-bnb-4bit,quantized,meta-llama/Llama-3.2-3B,text-generation,transformers,13937,NLP,quantized,meta-llama/Llama-3.2-3B,NLP,1,1,1,1,0,0,0
ai4bharat/indictrans2-indic-en-1B,,,translation,transformers,506503,NLP,/,/,NLP,1,1,0,0,0,0,0
Xenova/paraphrase-multilingual-MiniLM-L12-v2,quantized,sentence-transformers/paraphrase-multilingual-MiniLM-L12-v2,feature-extraction,transformers.js,49530,NLP,quantized,sentence-transformers/paraphrase-multilingual-MiniLM-L12-v2,NLP,1,0,1,0,0,0,0
elyza/ELYZA-japanese-Llama-2-13b-instruct,,,text-generation,transformers,3286,NLP,finetune,elyza/ELYZA-japanese-Llama-2-13b,NLP,1,1,1,1,0,1,0
echarlaix/tiny-mpt-random-remote-code,,,text-generation,transformers,7912,NLP,/,/,NLP,1,1,0,0,0,0,0
TheBloke/WizardLM-1.0-Uncensored-Llama2-13B-GGUF,quantized,cognitivecomputations/WizardLM-1.0-Uncensored-Llama2-13b,,transformers,6253,Unknown,quantized,cognitivecomputations/WizardLM-1.0-Uncensored-Llama2-13b,NLP,1,0,1,0,0,0,0
hf-tiny-model-private/tiny-random-MCTCTModel,,,feature-extraction,transformers,11846,NLP,/,/,NLP,1,0,0,0,1,0,0
microsoft/beit-large-patch16-224,,,image-classification,transformers,3204,CV,/,/,CV,1,1,0,0,0,0,0
protectai/distilroberta-base-rejection-v1,quantized,distilbert/distilroberta-base,text-classification,transformers,32904,NLP,quantized,distilbert/distilroberta-base,NLP,1,0,1,0,0,0,0
KBlueLeaf/DanTagGen-beta,,,text-generation,transformers,15046,NLP,/,/,NLP,1,1,0,0,0,0,0
zheng95z/rgb-to-x,,,,diffusers,6402,Unknown,/,/,CV,0,0,0,0,1,0,0
Efficient-Large-Model/NVILA-8B-Video,,,text-generation,transformers,7794,NLP,/,/,multimodal,1,0,0,0,1,0,0
Mhair/180,,,,,3832,Unknown,finetune,distributed/llama-1b,NLP,1,0,1,0,0,1,0
texonom/multilingual-e5-small-4096,,,feature-extraction,transformers,6469,NLP,convert,efederici/multilingual-e5-small-4096,NLP,1,0,1,0,0,1,0
unsloth/Qwen2.5-Coder-32B-Instruct,finetune,Qwen/Qwen2.5-Coder-32B-Instruct,text-generation,transformers,3829,NLP,finetune,Qwen/Qwen2.5-Coder-32B-Instruct,NLP,1,1,1,1,0,0,0
btrabucco/Insta-Qwen2.5-1.5B-SFT,,,,,3811,Unknown,finetune,Qwen/Qwen2.5-1.5B-Instruct,NLP,1,0,1,0,0,1,0
unsloth/Qwen2.5-Math-1.5B-Instruct,finetune,Qwen/Qwen2.5-Math-1.5B-Instruct,text-generation,transformers,3080,NLP,finetune,Qwen/Qwen2.5-Math-1.5B-Instruct,NLP,1,1,1,1,0,0,0
terminusresearch/pixart-900m-1024-ft-v0.6,finetune,terminusresearch/pixart-900m-1024-ft-v0.5,text-to-image,diffusers,8101,CV,finetune,terminusresearch/pixart-900m-1024-ft-v0.5,CV,0,1,1,1,0,0,0
